Dillon,Palmer
Tana,Knox
Stewart,Mueller
Rajah,Durham
Shelby,Fox
Amal,Byrd
Jorden,Coleman
Alfonso,Powell
Cody,Conley
Vincent,Sullivan
Warren,Hebert
Lillian,Dennis
Tanisha,Mcintosh
Gannon,Cochran
Nicholas,Houston
Aurelia,Ware
Xavier,Macdonald
Pandora,Solis
Lamar,Guerra
Michael,Campos
Natalie,Nelson
Davis,Bird
Jana,Mcconnell
Silas,Webb
Gray,Noel
Rashad,Goff
Chloe,Brewer
Valentine,Barry
Bethany,Cote
Tatiana,Henry
Kimberly,Greer
Keefe,Riley
Philip,Flynn
Brynne,Blanchard
Brenda,Warner
Jena,Mullins
Acton,Yang
Bert,Donovan
James,Molina
Hector,Guerra
Briar,Lawson
Bethany,Copeland
Gillian,Fisher
Daryl,Kline
Nigel,Wells
Charlotte,Salas
Madaline,Rodriquez
Mufutau,Ayala
Madeson,Baker
Quamar,Hardy
Quyn,Montgomery
Medge,Hyde
Oscar,Maldonado
Daria,Newman
Simon,Hall
Oliver,Head
Quamar,Taylor
Sean,Juarez
Beck,Whitney
Plato,Mccormick
Jared,Dunlap
Leah,Sparks
Mariam,Dickson
Debra,Cervantes
Simon,Hobbs
Libby,Compton
Jescie,Spence
Norman,Lamb
Emery,Brady
Melyssa,Chapman
Keane,Prince
Brynn,Hurst
Quin,Barber
Lionel,Summers
Chantale,Pittman
Inga,Daniels
Dana,Dillon
Fritz,Booker
Danielle,Key
Abraham,Schneider
Laith,Chavez
Logan,Reese
Holmes,West
Mechelle,Vincent
Blaze,Stephenson
Patience,Chaney
Nayda,Porter
Steel,Hatfield
Kaden,Jenkins
Chava,Schmidt
Kitra,Gross
Andrew,Figueroa
Wyatt,Bradshaw
Kyra,Chase
Hilel,Robles
Andrew,Nguyen
Carly,Sloan
Rachel,Hodge
Berk,Spence
Cheyenne,Morse
